-- phpMyAdmin SQL Dump
-- version 4.5.1
-- http://www.phpmyadmin.net
--
-- Host: 127.0.0.1
-- Generation Time: 17 май 2017 в 08:41
-- Версия на сървъра: 10.1.19-MariaDB
-- PHP Version: 7.0.13

SET SQL_MODE = "NO_AUTO_VALUE_ON_ZERO";
SET time_zone = "+00:00";


/*!40101 SET @OLD_CHARACTER_SET_CLIENT=@@CHARACTER_SET_CLIENT */;
/*!40101 SET @OLD_CHARACTER_SET_RESULTS=@@CHARACTER_SET_RESULTS */;
/*!40101 SET @OLD_COLLATION_CONNECTION=@@COLLATION_CONNECTION */;
/*!40101 SET NAMES utf8mb4 */;

--
-- Database: `school`
--

-- --------------------------------------------------------

--
-- Структура на таблица `class`
--

CREATE TABLE `class` (
  `id` int(11) NOT NULL,
  `degree` int(11) NOT NULL,
  `class` char(20) NOT NULL,
  `teacher_id` int(11) NOT NULL,
  `subject` varchar(255) DEFAULT NULL,
  `responsible` tinyint(4) DEFAULT NULL
) ENGINE=InnoDB DEFAULT CHARSET=utf8;

--
-- Схема на данните от таблица `class`
--

INSERT INTO `class` (`id`, `degree`, `class`, `teacher_id`, `subject`, `responsible`) VALUES
(32, 8, 'A', 49, 'Английски език', 0),
(33, 8, 'B', 49, 'Английски език', NULL),
(34, 8, 'V', 49, 'Английски език', NULL),
(35, 8, 'G', 49, 'Английски език', NULL),
(36, 8, 'D', 49, 'Английски език', NULL),
(37, 9, 'V', 49, 'Английски език', NULL),
(38, 10, 'A', 49, 'Испански език', 1),
(39, 10, 'B', 49, 'Испански език', 0),
(40, 10, 'V', 49, 'Испански език', 0),
(104, 11, 'A', 65, 'История', 0),
(105, 11, 'B', 65, 'История', 0),
(106, 11, 'V', 65, 'История', 0),
(107, 11, 'G', 65, 'История', 0),
(108, 11, 'D', 65, 'История', 0),
(184, 9, 'V', 3, 'Математика', 1),
(185, 10, 'A', 3, 'Математика', 0),
(186, 10, 'B', 3, 'Математика', 0),
(187, 10, 'V', 3, 'Математика', 0),
(188, 9, 'A', 3, '', 0),
(189, 10, 'V', 3, '', 0),
(190, 10, 'G', 3, '', 0),
(276, 9, 'A', 37, 'Математика', 0),
(277, 10, 'A', 37, 'Математика', 0),
(278, 10, 'B', 37, 'Математика', 0),
(279, 10, 'V', 37, 'Математика', 0),
(280, 10, 'G', 37, 'Математика', 0),
(281, 11, 'A', 37, 'Математика', 1),
(282, 8, 'A', 37, 'Информатика', 0),
(283, 10, 'A', 37, 'Информатика', 0),
(284, 10, 'V', 37, 'Информатика', 0),
(285, 10, 'G', 37, 'Информатика', 0),
(286, 10, 'D', 37, 'Информатика', 0),
(287, 10, 'E', 37, 'Информатика', 0),
(288, 11, 'A', 37, 'Информатика', 1),
(366, 9, 'A', 67, 'Физкултура и спорт', 0),
(367, 9, 'B', 67, 'Физкултура и спорт', 0),
(368, 9, 'V', 67, 'Физкултура и спорт', 0),
(378, 9, 'A', 64, 'Английски език', 0),
(379, 9, 'B', 64, 'Английски език', 0),
(380, 9, 'V', 64, 'Английски език', 1),
(381, 9, 'G', 64, 'Английски език', 0),
(382, 9, 'D', 64, 'Английски език', 0),
(383, 9, 'A', 64, 'Френски език', 0),
(384, 9, 'B', 64, 'Френски език', 0),
(385, 9, 'V', 64, 'Френски език', 1),
(386, 9, 'G', 64, 'Френски език', 0),
(406, 8, 'A', 4, 'Математика', 0),
(407, 8, 'B', 4, 'Математика', 0),
(408, 8, 'V', 4, 'Математика', 1),
(409, 8, 'G', 4, 'Математика', 0),
(410, 8, 'D', 4, 'Математика', 0),
(417, 11, 'A', 93, 'Философия', 0),
(418, 11, 'B', 93, 'Философия', 0),
(419, 11, 'V', 93, 'Философия', 0),
(420, 9, 'A', 101, 'Химия', 1),
(421, 9, 'B', 101, 'Химия', 0),
(422, 9, 'V', 101, 'Химия', 0),
(423, 9, 'G', 101, 'Химия', 0),
(424, 9, 'D', 101, 'Химия', 0),
(431, 8, 'A', 102, 'Биология', 0),
(432, 8, 'B', 102, 'Биология', 0),
(433, 8, 'V', 102, 'Биология', 0),
(434, 9, 'A', 102, 'Биология', 1),
(435, 9, 'B', 102, 'Биология', 0),
(436, 9, 'V', 102, 'Биология', 0),
(437, 10, 'A', 43, 'Биология', 0),
(438, 10, 'B', 43, 'Биология', 0),
(439, 10, 'V', 43, 'Биология', 1),
(440, 10, 'E', 43, 'Биология', 0),
(441, 11, 'A', 43, 'Биология', 0),
(442, 9, 'V', 43, 'Химия', 0),
(443, 9, 'G', 43, 'Химия', 0),
(444, 9, 'D', 43, 'Химия', 0),
(445, 9, 'E', 43, 'Химия', 0);

-- --------------------------------------------------------

--
-- Структура на таблица `notes`
--

CREATE TABLE `notes` (
  `id` int(11) NOT NULL,
  `teacher_id` int(11) NOT NULL,
  `note` int(11) DEFAULT NULL,
  `student_id` int(11) NOT NULL,
  `subject` varchar(100) NOT NULL,
  `date` datetime NOT NULL COMMENT 'дата на изпитване',
  `excused_abs` int(11) DEFAULT '0',
  `unexcused_abs` int(11) DEFAULT '0',
  `delays` int(11) DEFAULT '0',
  `actual_abs` int(11) DEFAULT '0',
  `discipline` varchar(255) DEFAULT NULL,
  `type_note` enum('current','semester','anual') DEFAULT 'current'
) ENGINE=InnoDB DEFAULT CHARSET=utf8;

--
-- Схема на данните от таблица `notes`
--

INSERT INTO `notes` (`id`, `teacher_id`, `note`, `student_id`, `subject`, `date`, `excused_abs`, `unexcused_abs`, `delays`, `actual_abs`, `discipline`, `type_note`) VALUES
(1, 64, 6, 82, 'Английски език', '0000-00-00 00:00:00', 0, 0, 0, 0, NULL, 'current'),
(2, 64, 5, 82, 'Английски език', '0000-00-00 00:00:00', 0, 0, 1, 1, NULL, 'current'),
(3, 64, 4, 82, 'Английски език', '0000-00-00 00:00:00', NULL, NULL, NULL, 1, NULL, 'current'),
(4, 64, 3, 82, 'Математика', '0000-00-00 00:00:00', NULL, 0, NULL, 1, NULL, 'current'),
(5, 37, 5, 82, 'Математика', '0000-00-00 00:00:00', NULL, 0, NULL, 1, NULL, 'current'),
(6, 37, 5, 82, 'Математика', '0000-00-00 00:00:00', NULL, 0, NULL, 1, NULL, 'current'),
(7, 37, 5, 20, 'Математика', '0000-00-00 00:00:00', NULL, 0, NULL, 1, NULL, 'current'),
(8, 37, 3, 20, 'Математика', '0000-00-00 00:00:00', NULL, NULL, NULL, 1, NULL, 'current'),
(9, 64, 2, 19, 'Английски език', '0000-00-00 00:00:00', NULL, NULL, NULL, 1, NULL, 'current'),
(10, 0, 4, 19, 'Математика', '0000-00-00 00:00:00', NULL, NULL, NULL, 1, NULL, 'current'),
(11, 64, 6, 82, 'Английски език', '0000-00-00 00:00:00', NULL, NULL, NULL, 1, NULL, 'current'),
(12, 64, 5, 19, 'Английски език', '0000-00-00 00:00:00', NULL, NULL, NULL, 1, NULL, 'current'),
(13, 64, 5, 19, 'Английски език', '0000-00-00 00:00:00', NULL, NULL, NULL, 1, NULL, 'current'),
(14, 64, 6, 7, 'Английски език', '0000-00-00 00:00:00', NULL, NULL, 1, NULL, NULL, 'current'),
(15, 64, 5, 7, 'Английски език', '0000-00-00 00:00:00', NULL, NULL, NULL, NULL, NULL, 'current'),
(16, 37, 4, 7, 'Математика', '0000-00-00 00:00:00', NULL, NULL, NULL, NULL, NULL, 'current'),
(40, 37, 4, 88, 'Математика', '2017-04-02 17:28:23', 0, 0, 0, 0, '', 'current'),
(41, 37, 4, 88, 'Математика', '2017-04-02 17:31:16', 0, 0, 0, 0, '', 'current'),
(42, 37, 5, 88, 'Математика', '2017-04-02 17:51:12', 0, 0, 0, 0, 'hgfds', 'current'),
(45, 37, 5, 82, 'Математика', '2017-04-02 19:58:39', 0, 0, 0, 1, 'без домашна', 'current'),
(46, 37, 3, 82, 'Информатика', '2017-04-02 20:03:39', 0, 0, 1, 0, '', 'current'),
(47, 37, 2, 82, 'Математика', '2017-04-02 20:17:16', 0, 0, 0, 0, '', 'current'),
(48, 37, 3, 82, 'Математика', '2017-04-02 20:20:26', 0, 0, 0, 1, '', 'current'),
(49, 37, 4, 82, 'Математика', '2017-04-02 20:24:45', 0, 0, 0, 1, '', 'current'),
(50, 37, 6, 82, 'Информатика', '0000-00-00 00:00:00', NULL, NULL, NULL, 0, NULL, 'current'),
(51, 0, 5, 7, 'Информатика', '0000-00-00 00:00:00', NULL, NULL, NULL, NULL, NULL, 'current'),
(52, 0, 4, 31, 'Информатика', '0000-00-00 00:00:00', NULL, NULL, NULL, NULL, NULL, 'current'),
(53, 37, 4, 7, 'Информатика', '2017-04-02 20:44:51', 0, 0, 1, 0, '', 'current'),
(54, 37, 4, 88, 'Математика', '2017-04-02 20:51:55', 0, 0, 1, 1, '', 'current'),
(55, 37, 4, 31, 'Информатика', '2017-04-02 20:53:23', 0, 0, 1, 0, '', 'current'),
(58, 37, 0, 31, 'Информатика', '2017-04-02 21:00:49', 0, 0, 1, 0, '', 'current'),
(59, 37, 0, 82, 'Информатика', '2017-04-02 21:06:41', 0, 0, 0, 1, '', 'current'),
(60, 37, 0, 7, 'Информатика', '2017-04-02 21:07:24', 0, 0, 1, 0, '', 'current'),
(61, 43, 5, 69, 'Биология', '0000-00-00 00:00:00', NULL, NULL, NULL, NULL, NULL, 'current'),
(62, 43, 6, 69, 'Биология', '0000-00-00 00:00:00', NULL, NULL, NULL, NULL, NULL, 'current'),
(63, 43, 4, 69, 'Химия', '0000-00-00 00:00:00', NULL, NULL, 1, 0, NULL, 'current'),
(64, 43, 3, 69, 'Химия', '0000-00-00 00:00:00', NULL, NULL, NULL, NULL, NULL, 'current'),
(65, 37, 4, 82, 'Математика', '2017-04-04 12:33:35', 0, 0, 0, 0, '', 'current'),
(66, 66, 4, 8, 'БЕЛ', '2017-05-04 11:30:00', NULL, NULL, NULL, NULL, NULL, 'current'),
(67, 66, 5, 29, 'БЕЛ', '2017-05-04 11:31:00', NULL, NULL, 1, NULL, NULL, 'current'),
(68, 66, 6, 19, 'БЕЛ', '2017-05-04 11:31:00', NULL, NULL, NULL, NULL, NULL, 'current'),
(69, 66, 5, 12, 'БЕЛ', '2017-05-04 11:31:00', NULL, NULL, NULL, NULL, NULL, 'current'),
(70, 66, 2, 14, 'БЕЛ', '2017-03-04 11:31:00', NULL, NULL, NULL, NULL, NULL, 'current'),
(71, 66, 3, 9, 'БЕЛ', '2017-01-04 11:31:00', NULL, NULL, NULL, NULL, 'без домашна', 'current'),
(72, 65, 4, 8, 'История', '2017-01-04 11:31:00', NULL, NULL, NULL, NULL, NULL, 'current'),
(73, 65, 5, 29, 'История', '2017-01-04 11:31:00', NULL, NULL, NULL, NULL, NULL, 'current'),
(74, 65, 6, 19, 'История', '2017-01-04 11:31:00', NULL, NULL, NULL, NULL, NULL, 'current'),
(75, 65, 5, 14, 'История', '2017-02-04 11:31:00', NULL, NULL, NULL, NULL, NULL, 'current'),
(76, 65, 3, 14, 'История', '2017-02-04 11:31:00', NULL, NULL, NULL, NULL, NULL, 'current'),
(77, 65, 2, 9, 'История', '2017-02-04 11:31:00', NULL, NULL, NULL, NULL, NULL, 'current'),
(78, 84, 2, 8, 'Физика', '2017-02-04 11:31:00', NULL, NULL, NULL, NULL, NULL, 'current'),
(79, 84, 3, 29, 'Физика', '2017-02-04 11:31:00', NULL, NULL, NULL, NULL, NULL, 'current'),
(80, 84, 4, 19, 'Физика', '2017-02-04 11:31:00', NULL, NULL, NULL, NULL, NULL, 'current'),
(81, 84, 5, 9, 'Физика', '2017-02-04 11:31:00', NULL, NULL, NULL, NULL, NULL, 'current'),
(82, 84, 6, 19, 'Физика', '2017-02-04 11:31:00', NULL, NULL, NULL, NULL, NULL, 'current'),
(83, 84, 4, 12, 'Физика', '2017-02-04 11:31:00', NULL, NULL, NULL, NULL, NULL, 'current'),
(84, 84, 3, 21, 'Физика', '2017-02-04 11:31:00', NULL, NULL, NULL, NULL, NULL, 'current'),
(85, 84, 2, 21, 'Физика', '2017-05-04 11:31:00', NULL, NULL, NULL, NULL, NULL, 'current'),
(86, 49, 5, 8, 'Английски език', '2017-05-04 11:31:00', NULL, NULL, NULL, NULL, NULL, 'current'),
(87, 49, 6, 29, 'Английски език', '2017-05-04 11:31:00', NULL, NULL, NULL, NULL, NULL, 'current'),
(88, 49, 5, 19, 'Английски език', '2017-05-04 11:31:00', NULL, NULL, NULL, NULL, NULL, 'current'),
(89, 49, 4, 12, 'Английски език', '2017-05-04 11:31:00', NULL, NULL, 1, NULL, NULL, 'current'),
(90, 49, 4, 14, 'Английски език', '2017-05-04 11:31:00', NULL, NULL, NULL, NULL, NULL, 'current'),
(91, 49, 6, 21, 'Английски език', '2017-05-04 11:31:00', NULL, NULL, NULL, NULL, NULL, 'current'),
(92, 49, 6, 82, 'Английски език', '2017-05-04 11:31:00', NULL, NULL, NULL, NULL, NULL, 'current'),
(93, 5, 4, 8, 'География', '2017-05-04 11:31:00', NULL, NULL, NULL, NULL, NULL, 'current'),
(94, 5, 3, 29, 'География', '2017-05-04 11:31:00', NULL, NULL, NULL, NULL, NULL, 'current'),
(95, 5, 4, 19, 'География', '2017-05-04 11:31:00', NULL, NULL, NULL, NULL, NULL, 'current'),
(96, 5, 5, 83, 'География', '2017-05-04 11:31:00', NULL, NULL, NULL, NULL, NULL, 'current'),
(97, 49, 6, 83, 'Английски език', '2017-05-04 11:31:00', NULL, NULL, NULL, NULL, NULL, 'current'),
(98, 43, 5, 83, 'Биология', '2017-05-04 11:31:00', NULL, NULL, NULL, NULL, NULL, 'current'),
(99, 43, 6, 12, 'Биология', '2017-05-04 11:31:00', NULL, NULL, NULL, NULL, NULL, 'current'),
(100, 5, 5, 83, 'География', '2017-05-04 11:31:00', NULL, NULL, NULL, NULL, NULL, 'current'),
(101, 37, 4, 83, 'Математика', '2017-05-04 11:31:00', NULL, NULL, 1, NULL, NULL, 'current'),
(102, 65, 6, 83, 'История', '2017-05-04 11:31:00', 0, 1, 1, 0, NULL, 'current'),
(103, 66, 5, 83, 'БЕЛ', '2017-05-04 11:31:00', NULL, NULL, NULL, NULL, NULL, 'current'),
(104, 37, 4, 83, 'Информатика', '2017-05-04 11:31:00', NULL, NULL, NULL, 1, NULL, 'current'),
(105, 37, 5, 83, 'Информатика', '2017-04-05 10:22:59', 1, 0, 1, 0, '', 'current'),
(106, 37, 4, 7, 'Информатика', '2017-04-05 10:23:30', 0, 0, 0, 0, 'отлично подготвена', 'current'),
(107, 37, 5, 31, 'Информатика', '2017-04-05 10:23:45', 0, 0, 0, 0, '', 'current'),
(108, 37, 4, 83, 'Информатика', '2017-04-07 21:59:14', 0, 0, 0, 0, '', 'current'),
(109, 49, 5, 69, 'Английски език', '0000-00-00 00:00:00', NULL, NULL, 1, NULL, NULL, 'current'),
(110, 49, 6, 69, 'Английски език', '0000-00-00 00:00:00', NULL, NULL, NULL, NULL, NULL, 'current'),
(111, 66, 5, 69, 'БЕЛ', '0000-00-00 00:00:00', 1, 0, NULL, 0, NULL, 'current'),
(112, 5, 2, 69, 'География', '2017-05-04 11:31:00', NULL, NULL, NULL, NULL, 'без домашна работа', 'current'),
(113, 37, 5, 69, 'Информатика', '2017-08-04 12:05:00', NULL, NULL, NULL, NULL, 'отличен курсов проект', 'current'),
(114, 37, NULL, 69, 'Математика', '2017-03-20 09:22:59', NULL, 1, NULL, NULL, NULL, 'current'),
(115, 37, 5, 69, 'Математика', '2017-02-21 19:22:59', 3, NULL, NULL, NULL, NULL, 'current'),
(116, 37, 6, 69, 'Математика', '2017-04-05 10:23:30', NULL, NULL, 1, NULL, NULL, 'current'),
(117, 65, 4, 69, 'История', '2017-04-07 21:59:14', NULL, NULL, NULL, NULL, NULL, 'current'),
(118, 65, 6, 69, 'История', '2017-04-07 21:59:14', NULL, NULL, NULL, NULL, NULL, 'current'),
(119, 84, 3, 69, 'Физика', '2017-08-04 12:05:00', NULL, NULL, NULL, NULL, NULL, 'current'),
(120, 84, 3, 69, 'Физика', '2017-05-04 11:31:00', 0, 1, NULL, 0, NULL, 'current'),
(121, 84, 2, 0, 'Химия', '2017-01-04 11:31:00', NULL, NULL, NULL, 1, '1', 'current'),
(122, 37, 3, 69, 'Математика', '2017-04-08 12:45:48', 0, 0, 0, 1, '1', 'current'),
(123, 37, 5, 69, 'Информатика', '2017-04-08 16:51:43', 0, 0, 0, 0, '', 'current'),
(124, 37, NULL, 70, 'Математика', '2017-04-07 16:59:14', NULL, NULL, NULL, 1, '1', 'current'),
(125, 37, NULL, 70, 'Информатика', '2017-04-07 16:59:14', 0, 1, NULL, 0, NULL, 'current'),
(126, 37, 5, 83, 'Математика', '2017-04-09 22:18:29', 0, 0, 0, 0, '', 'current'),
(127, 37, 3, 7, 'Математика', '2017-04-09 13:15:29', 0, 0, 1, 0, NULL, 'current'),
(128, 37, NULL, 7, 'Математика', '2017-04-09 13:15:29', 0, 0, 0, 1, NULL, 'current'),
(129, 37, NULL, 8, 'Математика', '2017-04-08 16:51:43', 0, 0, 0, 1, NULL, 'current'),
(130, 37, NULL, 8, 'Информатика', '2017-04-08 14:43:10', 0, 0, 0, 1, NULL, 'current'),
(131, 37, NULL, 8, 'Информатика', '2017-04-07 16:59:14', 0, 0, 0, 1, NULL, 'current'),
(132, 64, NULL, 9, 'Английски език', '2017-04-09 13:15:29', 0, 0, 0, 1, NULL, 'current'),
(133, 64, NULL, 29, 'Английски език', '2017-04-07 16:51:43', 0, 1, 0, 0, NULL, 'current'),
(134, 65, NULL, 3, 'История', '2017-04-08 16:51:43', 0, 0, 0, 1, NULL, 'current'),
(135, 65, NULL, 17, 'История', '2017-04-08 16:51:43', 0, 0, 0, 1, NULL, 'current'),
(137, 5, NULL, 19, 'География', '2017-04-05 15:31:43', 0, 0, 0, 1, NULL, 'current'),
(138, 5, NULL, 19, 'География', '2017-04-05 15:31:10', 0, 0, 0, 1, NULL, 'current'),
(139, 66, NULL, 83, 'БЕЛ', '2017-04-08 16:51:43', 1, 0, 0, 0, '1', 'current'),
(140, 66, NULL, 83, 'История', '2017-04-08 16:51:43', 1, 0, 0, 0, NULL, 'current'),
(141, 66, NULL, 83, 'География', '2017-04-09 13:50:06', 0, 0, 1, 0, NULL, 'current'),
(142, 37, 4, 7, 'Математика', '2017-04-12 18:26:14', 0, 0, 0, 0, '', 'current'),
(143, 37, 4, 20, 'Информатика', '2017-04-12 19:15:17', 0, 0, 0, 0, '', 'current'),
(144, 37, 5, 7, 'Математика', '2017-04-12 19:22:43', 0, 0, 0, 0, '', 'current'),
(145, 37, 5, 7, 'Математика', '2017-04-12 19:22:55', 0, 0, 0, 0, '', 'current'),
(146, 37, 3, 31, 'Информатика', '2017-04-12 19:23:59', 0, 0, 0, 0, '', 'current'),
(147, 37, 5, 20, 'Математика', '2017-04-12 19:43:58', 0, 0, 0, 0, '', 'semester'),
(148, 37, 6, 7, 'Информатика', '0000-00-00 00:00:00', 0, 0, 0, 0, '', 'current'),
(149, 37, 4, 8, 'Математика', '2017-04-12 10:15:17', 0, 0, 0, 0, NULL, 'current'),
(150, 37, 3, 31, 'Математика', '2017-04-12 13:43:58', 0, 0, 0, 0, NULL, 'current'),
(151, 37, 5, 17, 'Математика', '2017-04-12 13:43:58', 0, 0, 0, 0, NULL, 'current'),
(153, 37, 5, 19, 'Математика', '2017-04-11 13:23:58', 0, 0, 0, 0, NULL, 'current'),
(154, 37, 4, 29, 'Математика', '2017-04-12 13:13:58', 0, 0, 0, 0, NULL, 'current'),
(155, 37, 3, 19, 'Математика', '2017-04-11 13:23:58', 0, 0, 0, 0, NULL, 'current'),
(156, 37, 2, 12, 'Математика', '2017-04-12 10:03:58', 0, 0, 0, 0, NULL, 'current'),
(157, 37, 6, 13, 'Математика', '2017-04-12 10:03:58', 0, 0, 0, 0, NULL, 'current'),
(158, 37, 5, 3, 'Математика', '2017-04-12 19:03:58', 0, 0, 0, 0, NULL, 'current'),
(159, 37, 5, 21, 'Математика', '2017-04-12 10:03:58', 0, 0, 0, 0, NULL, 'current'),
(160, 37, 4, 22, 'Математика', '2017-04-12 10:03:58', 0, 0, 0, 0, NULL, 'current'),
(161, 37, 5, 25, 'Математика', '2017-04-12 10:03:58', 0, 0, 0, 0, NULL, 'current'),
(162, 37, 5, 29, 'Математика', '2017-04-12 10:03:58', 0, 0, 0, 0, NULL, 'current'),
(163, 37, 4, 30, 'Математика', '2017-04-12 10:03:58', 0, 0, 0, 0, NULL, 'current'),
(164, 37, 3, 31, 'Математика', '2017-04-12 10:03:58', 0, 0, 0, 0, NULL, 'current'),
(165, 37, 2, 32, 'Математика', '2017-04-12 10:03:58', 0, 0, 0, 0, NULL, 'current'),
(166, 37, 6, 33, 'Математика', '2017-04-12 10:03:58', 0, 0, 0, 0, NULL, 'current'),
(167, 37, 5, 17, 'Математика', '2017-04-12 11:03:58', 0, 0, 0, 0, NULL, 'current'),
(168, 37, 4, 32, 'Математика', '2017-04-12 22:10:24', 0, 0, 0, 0, '', 'current'),
(169, 66, 6, 17, 'БЕЛ', '2017-04-12 12:10:24', 0, 0, 0, 0, NULL, 'current'),
(170, 66, 5, 17, 'БЕЛ', '2017-04-12 09:03:58', 0, 0, 1, 0, NULL, 'current'),
(171, 65, 5, 17, 'История', '2017-04-12 08:23:58', 0, 0, 0, 0, NULL, 'current'),
(172, 37, 6, 17, 'Информатика', '2017-04-12 10:23:58', 0, 0, 0, 0, NULL, 'current'),
(173, 37, 6, 17, 'Информатика', '2017-02-10 13:17:58', 0, 0, 0, 0, NULL, 'current'),
(174, 5, 5, 17, 'География', '2017-02-10 14:17:58', 0, 0, 0, 0, NULL, 'current'),
(175, 5, 4, 17, 'География', '2017-03-10 15:07:58', 0, 0, 0, 0, NULL, 'current'),
(176, 43, 5, 17, 'Биология', '2017-03-10 15:07:58', 0, 0, 0, 0, NULL, 'current'),
(177, 43, 2, 17, 'Биология', '2017-02-10 13:17:58', 0, 0, 0, 0, 'непредаден проект', 'current'),
(178, 43, 3, 17, 'Химия', '2017-01-10 12:25:58', 0, 0, 0, 0, NULL, 'current'),
(179, 43, 2, 17, 'Физика', '2017-03-12 10:23:58', 0, 0, 1, 0, '', 'current'),
(180, 43, 4, 17, 'Физика', '2017-04-12 11:23:58', 0, 0, 0, 0, NULL, 'current'),
(181, 49, 6, 17, 'Английски език', '2017-03-12 15:29:58', 0, 0, 0, 0, NULL, 'current'),
(182, 49, 6, 17, 'Английски език', '2017-04-12 16:19:32', 0, 0, 0, 0, NULL, 'current'),
(183, 67, 6, 17, 'Физкултура и спорт', '2017-03-12 10:23:58', 0, 0, 0, 0, NULL, 'current'),
(184, 67, 6, 17, 'Физкултура и спорт', '2017-04-02 13:53:58', 0, 0, 0, 0, NULL, 'current'),
(185, 67, NULL, 17, 'Физкултура и спорт', '2017-04-08 10:43:58', 0, 0, 0, 0, 'без спортен екип', 'current'),
(186, 65, 6, 17, 'Философия', '2017-04-08 09:43:58', 0, 0, 0, 0, NULL, 'current'),
(187, 37, NULL, 17, 'Математика', '2017-04-02 09:53:58', 0, 1, 0, 0, 'отсъства от контролна работа', 'current'),
(188, 37, NULL, 17, 'Информатика', '2017-04-05 09:17:18', 0, 1, 0, 0, NULL, 'current'),
(189, 37, 4, 12, 'Математика', '2017-04-14 20:59:24', 0, 0, 0, 0, '', 'current'),
(190, 37, 6, 17, 'Математика', '2017-04-14 20:59:38', 0, 0, 0, 0, '', 'current'),
(191, 37, 0, 82, 'Информатика', '2017-04-14 21:06:34', 0, 0, 0, 1, '', 'current'),
(192, 37, 5, 82, 'Информатика', '2017-04-14 21:10:09', 0, 0, 0, 0, '', 'current'),
(193, 37, 0, 82, 'Информатика', '2017-04-14 21:10:24', 0, 0, 0, 1, '', 'current'),
(194, 37, 0, 17, 'Информатика', '2017-04-14 21:10:33', 0, 0, 0, 1, '', 'current'),
(195, 37, 0, 83, 'Информатика', '2017-04-14 21:10:46', 0, 0, 0, 1, '', 'current'),
(196, 37, 6, 17, 'Информатика', '2017-04-15 14:02:36', 0, 0, 0, 0, '', 'current'),
(197, 37, 3, 70, 'Математика', '2017-04-15 15:34:41', 0, 0, 0, 0, '', 'current'),
(198, 37, 6, 72, 'Математика', '2017-04-15 15:54:23', 0, 0, 0, 0, '', 'current'),
(199, 37, 6, 73, 'Математика', '2017-04-16 16:54:35', 0, 0, 0, 0, '', 'current'),
(200, 37, 6, 73, 'Математика', '2017-04-16 16:55:41', 0, 0, 0, 0, 'отлична презентация', 'current'),
(201, 37, 5, 85, 'Информатика', '2017-04-16 17:29:18', 0, 0, 0, 0, '', 'current'),
(202, 37, 4, 76, 'Математика', '2017-04-16 23:47:34', 0, 0, 0, 0, '', 'current'),
(203, 37, 4, 85, 'Информатика', '2017-04-16 23:48:09', 0, 0, 0, 0, '', 'current'),
(204, 37, 5, 81, 'Информатика', '2017-04-17 12:15:42', 0, 0, 0, 0, '', 'current'),
(205, 37, 4, 28, 'Математика', '2017-04-16 17:29:18', 0, 0, 0, 0, NULL, 'current'),
(206, 37, 5, 28, 'Информатика', '2017-04-17 12:15:42', 0, 0, 0, 0, NULL, 'current'),
(207, 49, 6, 28, 'Английски език', '2017-04-17 12:15:42', 0, 0, 0, 0, NULL, 'current'),
(208, 66, 5, 28, 'История', '2017-04-16 23:47:34', 0, 0, 0, 0, NULL, 'current'),
(209, 43, 4, 28, 'Физика', '2017-04-17 12:15:42', 0, 0, 0, 0, NULL, 'current'),
(210, 5, 6, 28, 'География', '2017-04-16 23:48:09', 0, 0, 0, 0, NULL, 'current'),
(211, 37, 4, 35, 'Математика', '2017-04-17 12:15:42', 0, 0, 0, 0, NULL, 'current'),
(212, 37, 6, 35, 'Информатика', '2017-04-16 23:48:09', 0, 0, 0, 0, NULL, 'current'),
(213, 43, 3, 36, 'Физика', '2017-04-16 23:48:09', 0, 0, 0, 0, NULL, 'current'),
(214, 5, 6, 36, 'География', '2017-04-16 23:48:09', 0, 0, 0, 0, NULL, 'current'),
(215, 49, 6, 36, 'Английски език', '2017-04-16 23:48:09', 0, 0, 0, 0, NULL, 'current'),
(216, 66, 5, 36, 'БЕЛ', '2017-04-17 12:15:42', 0, 0, 0, 0, NULL, 'current'),
(217, 66, 6, 36, 'История', '2017-04-17 12:15:42', 0, 0, 0, 0, NULL, 'current'),
(218, 66, 6, 96, 'История', '2017-04-17 12:15:42', 0, 0, 0, 0, NULL, 'current'),
(219, 66, 5, 96, 'История', '2017-04-16 23:48:09', 0, 0, 0, 0, NULL, 'current'),
(220, 5, 4, 96, 'География', '2017-04-17 12:15:42', 0, 0, 0, 0, NULL, 'current'),
(221, 43, 2, 96, 'Физика', '2017-04-17 12:15:42', 0, 0, 0, 0, '', 'current'),
(222, 43, 4, 96, 'Физика', '2017-04-17 12:15:42', 0, 0, 0, 0, NULL, 'current'),
(223, 65, 5, 96, 'БЕЛ', '2017-04-17 12:15:42', 0, 0, 0, 0, NULL, 'current'),
(224, 65, 4, 96, 'История', '2017-04-17 12:15:42', 0, 0, 0, 0, NULL, 'current'),
(225, 37, 3, 96, 'Математика', '2017-04-17 12:15:42', 0, 0, 0, 0, NULL, 'current'),
(226, 37, 6, 96, 'Информатика', '2017-04-16 23:48:09', 0, 0, 0, 0, NULL, 'current'),
(227, 37, 3, 21, 'Математика', '2017-04-18 13:15:41', 0, 0, 0, 0, '', 'current'),
(228, 37, 4, 21, 'Математика', '2017-04-18 16:58:55', 0, 0, 0, 0, '', 'current'),
(229, 43, NULL, 32, 'Физика', '2017-04-17 12:15:42', 0, 0, 0, 1, NULL, 'current'),
(230, 65, NULL, 32, 'БЕЛ', '2017-04-16 13:48:09', 1, 0, 0, 0, NULL, 'current'),
(231, 66, NULL, 32, 'История', '2017-04-16 14:40:09', 0, 1, 0, 0, NULL, 'current'),
(232, 37, 2, 28, 'Математика', '2017-04-18 22:04:07', 0, 0, 1, 0, 'без домашна работа', 'current'),
(233, 64, 2, 91, 'Английски език', '2017-04-18 22:10:09', 0, 0, 0, 0, '', 'current'),
(234, 64, 3, 76, 'Английски език', '2017-04-18 22:10:15', 0, 0, 0, 0, '', 'current'),
(235, 64, 4, 89, 'Английски език', '2017-04-18 22:10:21', 0, 0, 0, 0, '', 'current'),
(236, 64, 5, 86, 'Английски език', '2017-04-18 22:10:34', 0, 0, 1, 0, '', 'current'),
(237, 64, 0, 27, 'Английски език', '2017-04-18 22:10:54', 0, 0, 0, 1, '', 'current'),
(238, 64, 6, 92, 'Английски език', '2017-04-18 22:11:07', 0, 0, 0, 0, '', 'current'),
(239, 64, 5, 91, 'Френски език', '2017-04-18 22:11:28', 0, 0, 0, 0, '', 'current'),
(240, 64, 0, 76, 'Френски език', '2017-04-18 22:11:35', 0, 0, 0, 1, '', 'current'),
(241, 64, 6, 89, 'Френски език', '2017-04-18 22:11:52', 0, 0, 0, 0, '', 'current'),
(242, 64, 6, 86, 'Френски език', '2017-04-18 22:11:57', 0, 0, 0, 0, '', 'current'),
(243, 64, 4, 27, 'Френски език', '2017-04-18 22:12:06', 0, 0, 0, 0, '', 'current'),
(244, 64, 6, 92, 'Френски език', '2017-04-18 22:12:21', 0, 0, 1, 0, '', 'current'),
(245, 93, 6, 83, 'Философия', '2017-04-18 22:32:15', 0, 0, 0, 0, '', 'current'),
(246, 93, 6, 83, 'Философия', '2017-04-18 22:32:20', 0, 0, 0, 0, '', 'current'),
(247, 93, 5, 32, 'Философия', '2017-04-18 22:32:26', 0, 0, 0, 0, '', 'current'),
(248, 93, 4, 69, 'Философия', '2017-04-18 22:32:35', 0, 0, 0, 0, '', 'current'),
(249, 93, 6, 69, 'Философия', '2017-04-18 22:32:40', 0, 0, 0, 0, '', 'current'),
(250, 93, 6, 28, 'Философия', '2017-04-18 22:32:46', 0, 0, 0, 0, '', 'current'),
(251, 93, 4, 35, 'Философия', '2017-04-18 22:32:53', 0, 0, 0, 0, '', 'current'),
(252, 93, 0, 70, 'Философия', '2017-04-18 22:33:09', 1, 0, 0, 0, '', 'current'),
(253, 93, 5, 36, 'Философия', '2017-04-18 22:33:24', 0, 0, 0, 0, '', 'current'),
(254, 93, 5, 70, 'Философия', '2017-04-18 22:33:42', 0, 0, 0, 0, '', 'current'),
(255, 93, 4, 73, 'Философия', '2017-04-18 22:34:02', 0, 0, 0, 0, '', 'current'),
(256, 93, 5, 25, 'Философия', '2017-04-18 22:34:13', 0, 0, 0, 0, '', 'current'),
(257, 93, 6, 29, 'Философия', '2017-04-18 22:34:33', 0, 0, 0, 0, '', 'current'),
(258, 67, 6, 91, 'Физкултура и спорт', '2017-04-18 22:42:17', 0, 0, 0, 0, '', 'current'),
(259, 67, 0, 76, 'Физкултура и спорт', '2017-04-18 22:42:29', 0, 0, 0, 1, '', 'current'),
(260, 67, 5, 27, 'Физкултура и спорт', '2017-04-18 22:42:46', 0, 0, 0, 0, '', 'current'),
(261, 67, 6, 92, 'Физкултура и спорт', '2017-04-18 22:43:02', 0, 0, 0, 0, '', 'current'),
(262, 67, 6, 92, 'Физкултура и спорт', '2017-04-18 22:43:12', 0, 0, 0, 0, '', 'current'),
(263, 67, 5, 76, 'Физкултура и спорт', '2017-04-18 22:43:40', 0, 0, 0, 0, '', 'current'),
(264, 67, 5, 76, 'Физкултура и спорт', '2017-04-18 22:43:45', 0, 0, 0, 0, '', 'current'),
(265, 37, 4, 95, 'Математика', '2017-04-19 08:52:29', 0, 0, 0, 0, '', 'current'),
(266, 37, 5, 29, 'Математика', '2017-04-19 08:53:17', 0, 0, 0, 0, '', 'current'),
(267, 37, 3, 35, 'Математика', '2017-04-19 08:53:40', 0, 0, 0, 0, '', 'current'),
(268, 101, 2, 91, 'Химия', '2017-04-19 09:33:09', 0, 0, 0, 0, '', 'current'),
(269, 101, 3, 76, 'Химия', '2017-04-19 09:33:14', 0, 0, 0, 0, '', 'current'),
(270, 101, 3, 89, 'Химия', '2017-04-19 09:33:19', 0, 0, 0, 0, '', 'current'),
(271, 101, 2, 86, 'Химия', '2017-04-19 09:33:25', 0, 0, 0, 0, '', 'current'),
(272, 101, 2, 86, 'Химия', '2017-04-19 09:33:33', 0, 0, 0, 0, '', 'current'),
(273, 101, 3, 27, 'Химия', '2017-04-19 09:33:38', 0, 0, 0, 0, '', 'current'),
(274, 101, 4, 92, 'Химия', '2017-04-19 09:33:47', 0, 0, 0, 0, '', 'current'),
(275, 101, 5, 92, 'Химия', '2017-04-19 09:43:11', 0, 0, 0, 0, '', 'current'),
(276, 101, 5, 27, 'Химия', '2017-04-19 09:43:20', 0, 0, 0, 0, '', 'current'),
(277, 101, 4, 91, 'Химия', '2017-04-19 09:43:24', 0, 0, 0, 0, '', 'current'),
(278, 101, 3, 76, 'Химия', '2017-04-19 09:43:28', 0, 0, 0, 0, '', 'current'),
(279, 101, 2, 89, 'Химия', '2017-04-19 09:43:33', 0, 0, 0, 0, '', 'current'),
(280, 101, 4, 86, 'Химия', '2017-04-19 09:43:38', 0, 0, 0, 0, '', 'current'),
(281, 101, 4, 92, 'Химия', '2017-04-19 09:43:48', 0, 0, 0, 0, '', 'current'),
(282, 37, 2, 70, 'Математика', '2017-04-19 15:13:10', 0, 0, 0, 0, '', 'current'),
(283, 37, 6, 103, 'Информатика', '2017-04-19 18:14:19', 0, 0, 0, 0, '', 'current'),
(284, 37, 4, 98, 'Математика', '2017-04-20 10:38:20', 0, 0, 0, 0, '', 'current'),
(285, 37, 3, 98, 'Математика', '2017-04-20 10:38:38', 0, 0, 0, 0, '', 'current'),
(286, 37, 0, 19, 'Математика', '2017-04-20 10:38:54', 0, 0, 0, 1, '', 'current'),
(287, 37, 0, 17, 'Математика', '2017-04-20 10:38:58', 0, 0, 0, 1, '', 'current'),
(288, 37, 0, 21, 'Математика', '2017-04-20 10:39:01', 0, 0, 0, 1, '', 'current'),
(289, 37, 0, 98, 'Математика', '2017-04-20 10:39:21', 0, 0, 1, 0, '', 'current'),
(290, 37, 0, 20, 'Математика', '2017-04-20 10:39:25', 0, 0, 0, 1, '', 'current'),
(291, 37, 0, 32, 'Математика', '2017-04-20 10:39:44', 0, 0, 0, 1, '', 'current'),
(292, 37, 0, 83, 'Математика', '2017-04-20 10:39:48', 0, 0, 1, 0, '', 'current'),
(293, 37, 0, 69, 'Математика', '2017-04-20 10:39:52', 0, 0, 0, 1, '', 'current'),
(294, 37, 0, 28, 'Математика', '2017-04-20 10:39:56', 0, 0, 0, 1, '', 'current'),
(295, 37, 0, 35, 'Математика', '2017-04-20 10:40:03', 0, 0, 1, 0, '', 'current'),
(296, 37, 0, 29, 'Математика', '2017-04-20 10:40:11', 0, 0, 0, 1, '', 'current'),
(297, 37, 2, 27, 'Математика', '2017-04-30 23:44:11', 0, 0, 0, 0, '', 'current');

-- --------------------------------------------------------

--
-- Структура на таблица `parent`
--

CREATE TABLE `parent` (
  `id` int(11) NOT NULL,
  `first_name` varchar(100) NOT NULL,
  `last_name` varchar(100) NOT NULL,
  `address` varchar(200) NOT NULL,
  `tel` varchar(255) NOT NULL,
  `email` varchar(150) NOT NULL,
  `student_id` int(11) NOT NULL
) ENGINE=InnoDB DEFAULT CHARSET=utf8;

--
-- Схема на данните от таблица `parent`
--

INSERT INTO `parent` (`id`, `first_name`, `last_name`, `address`, `tel`, `email`, `student_id`) VALUES
(2, 'Ангел', 'Кръстев', 'ул. Тиха 12', '2147483647', 'dimaangelova@abv.bg', 17),
(4, 'Ангел', 'Василев', 'ул. Тополница 78', '2147483647', 'gogo@abv.bg', 19),
(5, 'Диана', 'Василева', 'ул. Тополница 78', '2147483647', 'gogo@abv.bg', 20),
(6, 'Донка', 'Атанасова', 'ул. Н. Вапцаров 178', '2147483647', 'datanasova@abv.bg', 21),
(10, 'Янчо', 'Янев', 'бул. Пещерско шосе 18', '08885634445', 'yanev@abv.bg', 25),
(11, 'Янчо', 'Янев', 'бул. Пещерско шосе 18', '08885634445', 'yanev@abv.bg', 26),
(12, 'Янчо', 'Янев', 'бул. Пещерско шосе 18', '08885634445', 'yanev@abv.bg', 27),
(13, 'Янчо', 'Янев', 'бул. Пещерско шосе 18', '08885634445', 'yanev@abv.bg', 28),
(14, 'Янчо', 'Янев', 'бул. Пещерско шосе 18', '08885634445', 'yanev@abv.bg', 29),
(15, 'Янчо', 'Янев', 'бул. Пещерско шосе 18', '08885634445', 'yanev@abv.bg', 30),
(16, 'Янчо', 'Янев', 'бул. Пещерско шосе 18', '08885634445', 'yanev@abv.bg', 31),
(17, 'Васил', 'Василев', 'ghnjmk,', '0999999', 'u2@ff.com', 32),
(18, 'Янчо', 'Янев', 'бул. Пещерско шосе 18', '08885634445', 'yanev@abv.bg', 33),
(19, 'Янчо', 'Янев', 'бул. Пещерско шосе 18', '08885634445', 'yanev@abv.bg', 34),
(20, 'Янчо', 'Янев', 'бул. Пещерско шосе 18', '08885634445', 'yanev@abv.bg', 35),
(21, 'Тодор', 'Кръстев', 'ул. Ст. Стамболов 126', '0899776655', 'stgg@abv.bg', 36),
(22, 'Янчо', 'Янев', 'бул. Пещерско шосе 18', '08885634445', 'yanev@abv.bg', 37),
(23, 'dfghjkl', 'rrrrrrrrrr', 'ghnjmk,', '0999999', 'u2@ff.com', 69),
(24, 'Иванн', 'Иванов', 'ул.Прилеп 78', '0888779078', 'georgiev@abv.bg', 70),
(25, 'Стоян', 'Георгиев', 'ул. Ст. Стамболов 121', '0899776655', 'stgg@abv.bg', 71),
(26, 'Стоян', 'Георгиев', 'ул. Ст. Стамболов 121', '0899776655', 'stgg@abv.bg', 72),
(27, 'Тодор', 'Кръстев', 'ул. Ст. Стамболов 126', '0899776655', 'stgg@abv.bg', 73),
(28, 'Петър', 'Кръстев', 'ул. Ст. Стамболов 126', '0899776655', 'stgg@abv.bg', 74),
(29, 'Атанас', 'Калоферов', 'ул. Акад. К. Попов 11', '0888667541', 'at@abv.bg', 75),
(30, 'Атанас', 'Калоферов', 'ул. Акад. К. Попов 11', '0888667541', 'at@abv.bg', 76),
(31, 'Антон', 'Кирилов', 'ул. Акад. К. Попов 22', '0888667541', 'at@abv.bg', 77),
(32, 'ssssss', 'sssssss', 'aaaaaa', '556678', 'ssssssaa@hhh.kkk', 78),
(33, 'dfghjk', 'sdfghj', 'fghjkl', '777999', 'ff@dffgg.kj', 79),
(34, 'Васил', 'Василев', 'ул. Липа 45', '888899999', 'vlkirilov@gmail.com', 80),
(35, 'Василев', 'Донев', 'ул. Г. Икономов 22', '0889770099', 'vlad@gmail.com', 81),
(36, 'Илияна', 'Ботева', 'ул. Г.С. Раковски 40', '0877566555', 'boteva@abv.bg', 82),
(37, 'Борис', 'Миладинов', 'ул. В. Левски 44', '0889112211', 'vmiladinov@abv.bg', 83),
(38, 'Христина', 'Донева', 'ул. В. Левски 131', '0887154321', 'hdoneva@abv.bg', 85),
(39, 'Димитрина', 'Иванова', 'ул. Златю Бояджиев 8', '0887909090', 'divanova@dir.bg', 86),
(40, 'Атанас', 'Атанасов', 'ул. Н. Вапцаров 17', '08885608761', 'atanasov@gmail.bg', 88),
(41, 'Стефан', 'Стоянов', 'ул. Богомил 78', '0877564090', 's_stoyanov@abv.bg', 89),
(42, 'Георги', 'Янев', 'бул. 6-ти Септември 121', '0886505445', 'yanchev@gamil.com', 90),
(43, 'Павлина', 'Георгиева', 'бул. В. Левски 143', '08885634789', 'georgieva@abv.bg', 91),
(44, 'Димитър', 'Петков', 'ул. Н. Вапцаров 180', '0988709089', 'stpetkov2@abv.bg', 92),
(45, 'Ивайло', 'Монев', 'бул. Карловско шосе 42', '0889998213', 'monev@gmail.com', 94),
(46, 'Манол', 'Сотиров', 'ул. Г. Икономов 45', '0899786543', 'sotirov@dir.bg', 95),
(47, 'Васил', 'Маринов', 'ул. Г. Икономов 15', '0899786543', 'a_marinov@dir.bg', 96),
(48, 'Васил', 'Василев', 'ул. Липа 45', '888899999', 'vlkirilov@gmail.com', 97),
(49, 'Мариана', 'Дамянова', 'ул. Акад. К. Попов 22', '0889765544', 'iva@gmail.com', 98),
(50, 'Трифон', 'Костов', 'бул. 6-ти Септември 110', '0888799765', 'kostov@abv.bg', 103);

-- --------------------------------------------------------

--
-- Структура на таблица `person`
--

CREATE TABLE `person` (
  `id` int(10) UNSIGNED NOT NULL,
  `civilnum` varchar(200) NOT NULL,
  `first_name` varchar(255) NOT NULL,
  `middle_name` varchar(255) NOT NULL,
  `last_name` varchar(20) NOT NULL,
  `address` varchar(255) NOT NULL,
  `tel` varchar(255) NOT NULL,
  `email` varchar(255) NOT NULL,
  `position` enum('учител','ученик','служител') NOT NULL,
  `date_of_birth` date NOT NULL,
  `is_deleted` bit(1) NOT NULL
) ENGINE=InnoDB DEFAULT CHARSET=utf8;

--
-- Схема на данните от таблица `person`
--

INSERT INTO `person` (`id`, `civilnum`, `first_name`, `middle_name`, `last_name`, `address`, `tel`, `email`, `position`, `date_of_birth`, `is_deleted`) VALUES
(3, '7012118963', 'Тодор', 'Божидаров', 'Стоилов', 'ул. Р.Даскалов 67', '899123567', 'stoilov@gmail.bg', 'учител', '1972-08-07', b'0'),
(4, '7201237898', 'Иван', 'Иванов', 'Георгиев', 'bul. svoboda 28', '0888564378', 'ivan@abv.bg', 'учител', '1972-12-03', b'0'),
(5, '801237898', 'Петър', 'Тодоров', 'Стоев', 'ул. Марица 2', '0888564378', 'petar@abv.bg', 'учител', '1981-01-03', b'0'),
(17, '801238768', 'Соня', 'Атанасова', 'Атанасова', 'ул. Тиха 12', '08885603030', 'satanasova@dir.bg', 'ученик', '2005-08-21', b'0'),
(19, '4294967295', 'Антон', 'Ангелов', 'Василев', 'ул. Тополница 78', '08885603038', 'ant_vasilev@abv.bg', 'ученик', '2004-01-15', b'0'),
(20, '8011038768', 'Георги', 'Ангелов', 'Василев', 'ул. Тополница 78', '08885603038', 'gogo@abv.bg', 'ученик', '2004-01-15', b'0'),
(21, '0512114753', 'Васил', 'Петров', 'Атанасов', 'ул. Н. Вапцаров 178', '0886789054', 'vatanasov@abv.bg', 'ученик', '2005-12-15', b'0'),
(25, '404114755', 'Лиляна', 'Ивайлова', 'Стоева', 'ул. Липа 18', '0886710050', 'lstoevaeva@gmail.bg', 'ученик', '2004-04-11', b'0'),
(26, '404114755', 'Радостина', 'Костова', 'Костова', 'бул. Македония 181', '0885089800', 'kostova@gmail.bg', 'ученик', '2004-04-11', b'0'),
(27, '404114755', 'Иван', 'Иванов', 'Иванов', 'ул. Богомил 43', '0887791150', 'givanov@abvl.bg', 'ученик', '2004-04-11', b'0'),
(28, '0404114755', 'Георги', 'Владимиров', 'Владимиров', 'бул. Рогошко шосе 1', '0887710050', 'vladimirov@dir.bg', 'ученик', '2004-04-11', b'0'),
(29, '0404114755', 'Александър', 'Георгиев', 'Андонов', 'бул. Пазарджишко шосе 18', '0887720050', 'n_andonov@gmail.bg', 'ученик', '1989-04-11', b'0'),
(30, '0404114755', 'Ангел', 'Павлов', 'Узунов', 'бул. В. Левски 118', '0889710052', 'uzunov2@gmail.bg', 'ученик', '2004-04-11', b'0'),
(31, '0404114755', 'Гергана', 'Дончева', 'Дончева', 'бул. Пещерско шосе 28', '0887710053', 'gergadon@gmail.bg', 'ученик', '2004-04-11', b'0'),
(32, '0508246677', 'Стоянка', 'Христова', 'Христова', 'ул. Л.Каравелов 5', '666666666', 'stilyana@abv.bg', 'ученик', '2017-03-14', b'0'),
(33, '404114755', 'Стоянка', 'Божилова', 'Николова', 'бул. Г.С. Раковски 10', '0887710233', 'stnikolova@abv.bg', 'ученик', '2004-04-11', b'0'),
(34, '0404114755', 'Георги', 'Владимиров', 'Владимиров', 'бул. Рогошко шосе 1', '0887710050', 'vladimirov@dir.bg', 'ученик', '2004-04-11', b'0'),
(35, '404114755', 'Свилен', 'Андонов', 'Андонов', 'бул. Пазарджишко шосе 18', '0887720050', 'ndonov@gmail.bg', 'ученик', '2004-04-11', b'0'),
(36, '0405068890', 'Стефан', 'Тодоров', 'Кръстев', 'ул. Ст. Стамболов 126', '08882211330', 'st@kl.com', 'ученик', '2004-05-06', b'0'),
(37, '0404114755', 'Петър', 'Петров', 'Ангелов', 'бул. Македония 10', '0887710756', 'petangelov@gmail.bg', 'учител', '2004-04-11', b'0'),
(38, '5511137890', 'Дима', 'Стоянова', 'Павлова', 'ул. Черни връх 12', '0898453678', 'pavlova@abv.bg', 'служител', '1955-11-13', b'1'),
(43, '0609289999', 'Антония', 'Василева', 'Василева', 'ул. Липа 45', '089999', 'vlkirilov@gmail.com', 'учител', '2006-09-28', b'0'),
(49, '8105095689', 'Мария', 'Атанасова', 'Гочева', 'ул. Преспа 1', '0897543876', 'mgocheva@abv.bg', 'учител', '1981-05-09', b'0'),
(62, '8987788997', 'ghjkl', 'sdfghj', 'sdfghjk', 'hjkhjkl;', 'hjklghjkl;', 'ggh@h.hjk', 'учител', '2017-03-13', b'0'),
(64, '8107020998', 'Дамян', 'Иванов', 'Ангелов', 'ул. Г.С. Раковски 48', '0899784455', 'angelov@abv.bg', 'учител', '1981-07-02', b'0'),
(65, '7220048980', 'Костадин', 'Петров', 'Иванов', 'ул. В. Левски', '0899989870', 'petrov@abv.bg', 'учител', '1972-04-20', b'0'),
(66, '7702031456', 'Илияна', 'Радостинова', 'Павлова', 'ул. Акад. К. Попов 34', '0988787878', 'radostinova@abv.bg', 'учител', '1977-02-03', b'0'),
(67, '7012048890', 'Виолета', 'Димиртова', 'Чолакова', 'ул. Л. Каравелов 23', '0888907654', 'cholakova@gmail.com', 'учител', '1970-12-04', b'0'),
(69, '0508246677', 'Стиляна', 'Василева', 'Василева', 'ул. Л.Каравелов 5', '666666666', 'stilyana@abv.bg', 'ученик', '2017-03-14', b'0'),
(70, '7008239090', 'Иванка', 'Иванова', 'Георгиева', 'ул.Прилеп 78', '0999887766', 'georgiev@abv.bg', 'ученик', '2017-03-07', b'0'),
(71, '0405068899', 'Станимира', 'Стоянова', 'Георгиева', 'ул. Ст. Стамболов 121', '0888221133', 'st@kl.com', 'ученик', '2004-05-06', b'0'),
(72, '0405068899', 'Станимир', 'Стоянов', 'Георгиев', 'ул. Ст. Стамболов 121', '0888221133', 'st@kl.com', 'ученик', '2004-05-06', b'0'),
(73, '0405068890', 'Самуил', 'Тодоров', 'Кръстев', 'ул. Ст. Стамболов 126', '08882211330', 'st@kl.com', 'ученик', '2004-05-06', b'0'),
(74, '0405068890', 'Саваа', 'Петров', 'Кръстев', 'ул. Ст. Стамболов 126', '08882211330', 'st@kl.com', 'ученик', '2004-05-06', b'0'),
(75, '0509075667', 'Соня', 'Атанасова', 'Калоферова', 'ул. Акад. К. Попов 11', '0988787878', 'at@abv.bg', 'ученик', '2005-09-05', b'0'),
(76, '0509075667', 'Стоянка', 'Атанасова', 'Калоферова', 'ул. Акад. К. Попов 11', '0988787878', 'at@abv.bg', 'ученик', '2005-09-05', b'0'),
(77, '0509075667', 'Стоян', 'Антонов', 'Кирилов', 'ул. Акад. К. Попов 22', '0988787878', 'at@abv.bg', 'ученик', '2005-09-05', b'0'),
(80, '8909289999', 'Антонина', 'Василева', 'Василева', 'ул. Липа 45', '089999', 'vlkirilov@gmail.com', 'ученик', '1989-09-28', b'0'),
(81, '0502078877', 'Владимир', 'Василев', 'Донев', 'ул. Г. Икономов 22', '0889774411', 'vlad@gmail.com', 'ученик', '2005-02-07', b'0'),
(82, '0511237723', 'Ана', 'Георгиева', 'Ботева', 'ул. Г.С. Раковски 40', '0887912321', 'boteva@abv.bg', 'ученик', '2005-11-23', b'0'),
(83, '0012099988', 'Ваня', 'Борисова', 'Миладинова', 'ул. В. Левски 45', '0889774900', 'vmiladinova@abv.bg', 'ученик', '2000-12-09', b'0'),
(84, '5512108998', 'Иванка', 'Петрова', 'Стоянова', 'бул. Карловско шосе 21', '0889123489', 'istoyanova@abv.bg', 'учител', '1955-12-10', b'0'),
(85, '0612108899', 'Теодора', 'Христова', 'Донева', 'ул. В. Левски 131', '0889887766', 'tdoneva@abv.bg', 'ученик', '2006-12-10', b'0'),
(86, '0520061221', 'Добромир', 'Дончев', 'Иванов', 'ул. Златю Бояджиев 8', '0887322008', 'dobriivanov@gmail.co', 'ученик', '2005-06-20', b'0'),
(88, '0512154753', 'Ана', 'Атанасова', 'Атанасова', 'ул. Н. Вапцаров 18', '0886700054', 'atanasova@gmail.bg', 'ученик', '2005-12-15', b'0'),
(89, '0810114753', 'Виктор', 'Стефанов', 'Стоянов', 'ул. Богомил 78', '0887689078', 'vstoyanov@abv.bg', 'ученик', '2008-10-11', b'0'),
(90, '0810078877', 'Янко', 'Георгиев', 'Янчев', 'бул. 6-ти Септември 121', '0887141921', 'yyanchev@gamil.com', 'ученик', '0000-00-00', b'0'),
(91, '0506114755', 'Антон', 'Георгиев', 'Георгиев', 'бул. В. Левски 142', '0889710058', 'a_georgiev@gmail.bg', 'ученик', '2004-04-11', b'0'),
(92, '0709228990', 'Стефан', 'Димитров', 'Петков', 'ул. Н. Вапцаров 180', '0889765667', 'stpetkov@abv.bg', 'ученик', '2007-09-02', b'0'),
(93, '7504198899', 'Евдокия', 'Сотирова', 'Петрова', 'ул. Г. Икономов 45', '0886456671', 'evdokia_petrova@dir.bg', 'учител', '1975-04-19', b'0'),
(94, '0108221234', 'Марина', 'Ивайлова', 'Монева', 'бул. Карловско шосе 42', '0889988971', 'm_moneva@abv.bg', 'ученик', '2001-08-22', b'0'),
(95, '9909228991', 'Евдокия', 'Манолова', 'Сотирова', 'ул. Г. Икономов 45', '0899786541', 'evd_sotirova@dir.bg', 'ученик', '1999-09-22', b'0'),
(96, '9908128991', 'Ангел', 'Василев', 'Маринов', 'ул. Г. Икономов 15', '0899786541', 'a_marinov@dir.bg', 'ученик', '1999-08-12', b'0'),
(97, '0009289999', 'Ваня', 'Василева', 'Василева', 'ул. Липа 45', '089999', 'vlkirilov@gmail.com', 'ученик', '2002-09-28', b'0'),
(98, '8811138909', 'Ивелина', 'Георгиева', 'Дамянова', 'ул. Акад. К. Попов 22', '0887456332', 'iva@gmail.com', 'ученик', '1988-11-13', b'0'),
(101, '7312119087', 'Красимир', 'Ангелов', 'Златков', 'ул. Хаджи Димитър 32', '0886211090', 'zlatkov@abv.bg', 'учител', '1973-12-11', b'0'),
(102, '7610096789', 'Станимир', 'Атанасов', 'Георгиев', 'бул. Свобода 56', '0887675432', 'st_atanasov@gmail.com', 'учител', '1976-10-09', b'0'),
(103, '0112098877', 'Мария', 'Трифонова', 'Костова', 'бул. 6-ти Септември 110', '0888764900', 'maria@abv.bg', 'ученик', '2001-12-09', b'0');

-- --------------------------------------------------------

--
-- Структура на таблица `pictures`
--

CREATE TABLE `pictures` (
  `id` int(11) NOT NULL,
  `picture` varchar(255) DEFAULT 'null'
) ENGINE=InnoDB DEFAULT CHARSET=utf8;

-- --------------------------------------------------------

--
-- Структура на таблица `student`
--

CREATE TABLE `student` (
  `id` int(11) NOT NULL,
  `student_id` int(11) NOT NULL COMMENT 'външен ключ към person->id',
  `number` int(11) NOT NULL,
  `degree` int(11) NOT NULL,
  `class` char(20) NOT NULL,
  `picture` varchar(255) DEFAULT 'null'
) ENGINE=InnoDB DEFAULT CHARSET=utf8;

--
-- Схема на данните от таблица `student`
--

INSERT INTO `student` (`id`, `student_id`, `number`, `degree`, `class`, `picture`) VALUES
(3, 9, 20, 11, 'A', '0'),
(6, 12, 12, 11, 'B', ''),
(7, 13, 7, 10, 'A', '0'),
(8, 14, 12, 10, 'A', '0'),
(9, 15, 1, 9, 'A', '0'),
(10, 16, 2, 11, 'B', '212cb8572859f17c07ccd6e94f306156c8d30a48.jpg'),
(11, 17, 5, 10, 'A', '3fc5aca38eb6d82317fa76a36624f30a7586d945.jpg'),
(13, 19, 1, 10, 'A', '336b92ec709c4752321bf4dc502dd549950d75db.jpg'),
(14, 20, 10, 10, 'A', '1daf6e30c193c953507e78c9de5858f58579ae0a.jpg'),
(15, 21, 5, 10, 'A', '1bb6d0e1ea383fba0236106622b635c6f27df45a.jpg'),
(19, 25, 7, 11, 'B', '0'),
(20, 26, 8, 11, 'B', '0'),
(21, 27, 9, 9, 'A', '09de39c9615a75d85956d0abc040a0cbb6a7db11d.jpg'),
(22, 28, 16, 11, 'A', 'f8fc7d263c861d8ce09762bb55ff9c8cbe1ab7d1.jpg'),
(23, 29, 25, 11, 'A', 'b4b996ea75dbd07cd359898cfe8e550a392411ab.jpg'),
(24, 30, 12, 8, 'V', '44f9925502c8517e43b1215e067b96ebde842459.jpg'),
(25, 31, 13, 10, 'B', '755b0e0637fc27fdc35cd6b6f453d8dee3da6f6b.jpg'),
(26, 32, 3, 11, 'A', '5e7de27ed26d08907c615b7a3f8f66a779b9aa31.jpg'),
(27, 33, 15, 11, 'D', '9de39c9615a75d85956d0abc040a0cbb6a7db11d.jpg'),
(28, 34, 16, 11, 'D', '63956fdebed42809e41547bb69bfacc140a49206.jpg'),
(29, 35, 17, 11, 'A', '1bb6d0e1ea383fba0236106622b635c6f27df45a.jpg'),
(30, 36, 20, 11, 'A', 'b4b996ea75dbd07cd359898cfe8e550a392411ab.jpg'),
(31, 37, 6, 11, 'D', '3fc5aca38eb6d82317fa76a36624f30a7586d945.jpg'),
(32, 69, 4, 11, 'A', 'f39216c09d3602e14fe6281897022b0ca78d4190.jpg'),
(33, 70, 19, 11, 'A', '5e7de27ed26d08907c615b7a3f8f66a779b9aa31.jpg'),
(34, 71, 20, 9, 'E', 'e94978796f850e65c3fafc6bb63caa76d8d7ea40.jpg'),
(35, 72, 19, 11, 'A', '221549d704ef7ba658d285588454f44822cf2327.jpg'),
(36, 73, 21, 11, 'A', '1bb6d0e1ea383fba0236106622b635c6f27df45a.jpg'),
(37, 74, 23, 10, 'V', 'd4f7252598359fa575b1783a9cce882eee82e312.jpg'),
(38, 75, 26, 10, 'B', '5e7de27ed26d08907c615b7a3f8f66a779b9aa31.jpg'),
(39, 76, 26, 9, 'B', '44e8ae80e153d24e2d2fc030ce0e4a5e7576fc15.jpg'),
(40, 77, 23, 10, 'D', '336b92ec709c4752321bf4dc502dd549950d75db.jpg'),
(41, 78, 16, 10, 'D', '27f7da1cada6869330ccb5e817ce8756894b55ef.jpg'),
(42, 79, 4, 8, 'V', '9c17f06122927132b7c0af706df921d45a09d872.jpg'),
(43, 80, 18, 11, 'A', '5e7de27ed26d08907c615b7a3f8f66a779b9aa31.jpg'),
(44, 81, 6, 10, 'D', '88ba12c2ab1d94b38513b2fc62423d14f23440ff.jpg'),
(45, 82, 2, 10, 'B', 'd4f7252598359fa575b1783a9cce882eee82e312.jpg'),
(46, 83, 3, 11, 'A', '3fc5aca38eb6d82317fa76a36624f30a7586d945.jpg'),
(47, 85, 20, 10, 'G', 'd4f7252598359fa575b1783a9cce882eee82e312.jpg'),
(48, 86, 8, 9, 'G', '42bed7db8b15d459a8b406efba18ba631ed0d8cb.jpg'),
(49, 88, 2, 10, 'B', '53e951aca8e17db46f1f748d404cce004159d77c.jpg'),
(50, 89, 7, 9, 'G', 'd4856a895e4246ae0c88d8970c104fe45ce47de5.jpg'),
(51, 90, 26, 8, 'E', 'ac797b1f4f1149bcc34072a4fc674b3cd76cbfd3.jpg'),
(52, 91, 1, 9, 'B', '9de39c9615a75d85956d0abc040a0cbb6a7db11d.jpg'),
(53, 92, 20, 9, 'V', '9cb5a09c2adfd59313f1baac9c9aaaa2737aaaf0.jpg'),
(54, 9, 8, 10, 'A', '0'),
(55, 94, 16, 9, 'E', 'e8dce5746fbfbafe3e87631ed3a41ea8330b995b.jpg'),
(56, 95, 9, 10, 'B', '755b0e0637fc27fdc35cd6b6f453d8dee3da6f6b.jpg'),
(57, 96, 3, 8, 'A', '4e519cd1e16a250100e31647864564078a414a5b.jpg'),
(58, 97, 18, 8, 'G', '60df31bb6f215f77ad70c8ee0481dc3a9d7c4bc6.jpg'),
(59, 98, 6, 10, 'A', '81356980980d05f76401275105bb742f4f298043.jpg'),
(60, 103, 13, 8, 'A', '5f9a39e923b349a42aeba298ee611cbb9e096844.jpg');

-- --------------------------------------------------------

--
-- Структура на таблица `subjects`
--

CREATE TABLE `subjects` (
  `id` int(10) UNSIGNED NOT NULL,
  `subject` varchar(255) NOT NULL
) ENGINE=InnoDB DEFAULT CHARSET=utf8;

--
-- Схема на данните от таблица `subjects`
--

INSERT INTO `subjects` (`id`, `subject`) VALUES
(4, 'Английски език'),
(1, 'БЕЛ'),
(9, 'Биология'),
(7, 'География'),
(3, 'Информатика'),
(8, 'История'),
(2, 'Математика'),
(11, 'Физика'),
(13, 'Физкултура и спорт'),
(12, 'Философия'),
(5, 'Френски език'),
(10, 'Химия');

-- --------------------------------------------------------

--
-- Структура на таблица `teacher`
--

CREATE TABLE `teacher` (
  `id` int(11) NOT NULL,
  `teacher_id` int(11) NOT NULL,
  `subject` varchar(255) NOT NULL,
  `subject2` varchar(255) DEFAULT NULL
) ENGINE=InnoDB DEFAULT CHARSET=utf8;

--
-- Схема на данните от таблица `teacher`
--

INSERT INTO `teacher` (`id`, `teacher_id`, `subject`, `subject2`) VALUES
(1, 3, 'Математика', ''),
(2, 4, 'Математика', ''),
(3, 5, 'География', 'Иикономика'),
(5, 37, 'Математика', 'Информатика'),
(11, 43, 'Биология', 'Химия'),
(17, 49, 'Английски език', 'Испански език'),
(32, 64, 'Английски език', 'Френски език'),
(33, 65, 'История', 'Философия'),
(34, 66, 'БЕЛ', ''),
(35, 67, 'Физкултура и спорт', ''),
(36, 84, 'Физика', ''),
(37, 93, 'Философия', ''),
(38, 101, 'Химия', ''),
(39, 102, 'Биология', '');

-- --------------------------------------------------------

--
-- Структура на таблица `users`
--

CREATE TABLE `users` (
  `id` int(11) NOT NULL,
  `person_id` int(11) NOT NULL,
  `username` varchar(255) NOT NULL COMMENT 'имейл адрес',
  `password` varchar(255) NOT NULL COMMENT 'автоматично генериране, без тази на родител',
  `role` enum('teacher','admin','guest') NOT NULL
) ENGINE=InnoDB DEFAULT CHARSET=utf8;

--
-- Схема на данните от таблица `users`
--

INSERT INTO `users` (`id`, `person_id`, `username`, `password`, `role`) VALUES
(2, 4, 'ivan@abv.bg', 'password', 'teacher'),
(3, 5, 'ivan1@abv.bg', 'e38ad214943daad1d64c102faec29de4afe9da3d', 'teacher'),
(14, 32, 'u2@ff.com', '4a9299ce55c5e8511ac836c3a814e10b6ad7e0c3', 'guest'),
(15, 33, 'todor1.ivanov@dir.bg', 'd07c9455423e73901e401b84c0549696a887218b', 'guest'),
(16, 34, 'yanev@abv.bg', 'ec7e33c8e0fa24ec5f3e550597dcc5c3fcdd3631', 'guest'),
(17, 36, 'stgg@abv.bg', 'ead7cd3a680c386f9ef3495f70960eea09ae38ef', 'guest'),
(19, 37, 'tsa@abv.bg', '7c4a8d09ca3762af61e59520943dc26494f8941b', 'teacher'),
(21, 36, 'stgg@abv.bg', 'ead7cd3a680c386f9ef3495f70960eea09ae38ef', 'guest'),
(22, 17, 'dimaangelova@abv.bg', 'f871bc882f8717d0f77d9bcb9c10a807e26ecab3', 'guest'),
(23, 38, 'pavlova@abv.bg', '7c4a8d09ca3762af61e59520943dc26494f8941b', 'admin'),
(26, 43, 'vlkirilov@gmail.com', '88b5d1375fb06cdffe616005d1ddd9454fcd60ff', 'teacher'),
(32, 49, 'mgocheva@abv.bg', '9d4e1e23bd5b727046a9e3b4b7db57bd8d6ee684', 'teacher'),
(45, 62, 'ggh@h.hjk', 'b480c074d6b75947c02681f31c90c668c46bf6b8', 'teacher'),
(47, 64, 'angelov@abv.bg', 'b480c074d6b75947c02681f31c90c668c46bf6b8', 'teacher'),
(48, 65, 'krysteva@gmail.com', 'b480c074d6b75947c02681f31c90c668c46bf6b8', 'teacher'),
(49, 66, 'radostinova@abv.bg', 'b480c074d6b75947c02681f31c90c668c46bf6b8', 'teacher'),
(50, 67, 'cholakova@gmail.com', 'b480c074d6b75947c02681f31c90c668c46bf6b8', 'teacher'),
(51, 69, 'u2@ff.com', '4a9299ce55c5e8511ac836c3a814e10b6ad7e0c3', 'guest'),
(52, 70, 'georgiev@abv.bg', 'd7cc10e7e01ea26dddee90d6b421dc69a77dbccc', 'guest'),
(53, 71, 'stgg@abv.bg', '9df5ad8bb501602b5c4526fb538c42ec796713e8', 'guest'),
(54, 72, 'stgg@abv.bg', '9df5ad8bb501602b5c4526fb538c42ec796713e8', 'guest'),
(55, 73, 'stgg3@abv.bg', 'ead7cd3a680c386f9ef3495f70960eea09ae38ef', 'guest'),
(56, 74, 'stgg4@abv.bg', 'ead7cd3a680c386f9ef3495f70960eea09ae38ef', 'guest'),
(57, 75, 'at@abv.bg', 'c2f300ea55099ea53b789d186b7b2053aa8f0040', 'guest'),
(58, 76, 'at@abv.bg', 'c2f300ea55099ea53b789d186b7b2053aa8f0040', 'guest'),
(59, 77, 'at3@abv.bg', 'c2f300ea55099ea53b789d186b7b2053aa8f0040', 'guest'),
(60, 78, 'ssssssaa@hhh.kkk', '9e5d264f03a79c0af14f1dc39dfa7f393cfbdd47', 'guest'),
(61, 79, 'ff@dffgg.kj', '211ff72632249527fc89c0596e5d05b244076c5e', 'guest'),
(62, 80, 'vlkirilov@gmail.com', 'b4f876946b83307b2fa3e7bbcca040b126bff2c7', 'guest'),
(63, 81, 'vlad@gmail.com', 'a5058ad6df0abb6cdaf80fda976c76b84baa7d77', 'guest'),
(64, 82, 'boteva@abv.bg', 'a188df241a0bccf1d2fa987adcbc522bae01f2c0', 'guest'),
(65, 83, 'vmiladinov@abv.bg', 'e7e6023c3ce465d5eadf15ad96ebe6042f215550', 'guest'),
(66, 84, 'istoyanova@abv.bg', 'b480c074d6b75947c02681f31c90c668c46bf6b8', 'teacher'),
(67, 85, 'hdoneva@abv.bg', '597b8b6af1c049f5c0dbefc697b1fe4b5e9628b9', 'guest'),
(68, 86, 'divanova@dir.bg', 'c1be447a82423d99694895fc2c21da75a6857d4a', 'guest'),
(69, 88, 'atanasov@gmail.bg', '9ff28a27467ddb810cf493bddce4627fdc1a609e', 'guest'),
(70, 89, 's_stoyanov@abv.bg', 'd9a8ab07f01bff5d33addb7cea1002ed7ccca049', 'guest'),
(71, 90, 'yanchev@gamil.com', '7974f98d4dc755e20d62d4baa6437c6d6ba8501f', 'guest'),
(72, 91, 'georgieva@abv.bg', '5377433417a66b4143837471db536f0876a01ede', 'guest'),
(73, 92, 'stpetkov2@abv.bg', '2dcd0666cd38360f3def57d78e8b00df3851c9d5', 'guest'),
(74, 18, 'yanev1@abv.bg', '', 'guest'),
(75, 93, 'evdokia_petrova@dir.bg', 'b480c074d6b75947c02681f31c90c668c46bf6b8', 'teacher'),
(76, 94, 'monev@gmail.com', '2ec5eda050bad97da702715ef43cdb24628aacd8', 'guest'),
(77, 95, 'sotirov@dir.bg', '8b538ef2c8d63b437f8c8c5c475db3bd5bf15666', 'guest'),
(78, 96, 'a_marinov@dir.bg', 'ce3329c3e8b7d40b9c03eb147aeb7665e39089ee', 'guest'),
(79, 97, 'vlkirilov@gmail.com', '071e5de324377dbf6eaf696c02840656dae48cd8', 'guest'),
(80, 98, 'iva@gmail.com', 'b18ca838b06f90013be74ccfbe845e58e8b72fa5', 'guest'),
(83, 101, 'zlatkov@abv.bg', 'b480c074d6b75947c02681f31c90c668c46bf6b8', 'teacher'),
(84, 102, 'st_atanasov@gmaol.com', 'b480c074d6b75947c02681f31c90c668c46bf6b8', 'teacher'),
(85, 103, 'kostov@abv.bg', '6d4002184768162663676b04d605bc9521081fe8', 'guest');

--
-- Indexes for dumped tables
--

--
-- Indexes for table `class`
--
ALTER TABLE `class`
  ADD PRIMARY KEY (`id`);

--
-- Indexes for table `notes`
--
ALTER TABLE `notes`
  ADD PRIMARY KEY (`id`);

--
-- Indexes for table `parent`
--
ALTER TABLE `parent`
  ADD PRIMARY KEY (`id`);

--
-- Indexes for table `person`
--
ALTER TABLE `person`
  ADD PRIMARY KEY (`id`);

--
-- Indexes for table `pictures`
--
ALTER TABLE `pictures`
  ADD PRIMARY KEY (`id`);

--
-- Indexes for table `student`
--
ALTER TABLE `student`
  ADD PRIMARY KEY (`id`);

--
-- Indexes for table `subjects`
--
ALTER TABLE `subjects`
  ADD PRIMARY KEY (`id`),
  ADD UNIQUE KEY `subject_UNIQUE` (`subject`);

--
-- Indexes for table `teacher`
--
ALTER TABLE `teacher`
  ADD PRIMARY KEY (`id`,`teacher_id`);

--
-- Indexes for table `users`
--
ALTER TABLE `users`
  ADD PRIMARY KEY (`id`);

--
-- AUTO_INCREMENT for dumped tables
--

--
-- AUTO_INCREMENT for table `class`
--
ALTER TABLE `class`
  MODIFY `id` int(11) NOT NULL AUTO_INCREMENT, AUTO_INCREMENT=446;
--
-- AUTO_INCREMENT for table `notes`
--
ALTER TABLE `notes`
  MODIFY `id` int(11) NOT NULL AUTO_INCREMENT, AUTO_INCREMENT=298;
--
-- AUTO_INCREMENT for table `parent`
--
ALTER TABLE `parent`
  MODIFY `id` int(11) NOT NULL AUTO_INCREMENT, AUTO_INCREMENT=51;
--
-- AUTO_INCREMENT for table `person`
--
ALTER TABLE `person`
  MODIFY `id` int(10) UNSIGNED NOT NULL AUTO_INCREMENT, AUTO_INCREMENT=104;
--
-- AUTO_INCREMENT for table `pictures`
--
ALTER TABLE `pictures`
  MODIFY `id` int(11) NOT NULL AUTO_INCREMENT;
--
-- AUTO_INCREMENT for table `student`
--
ALTER TABLE `student`
  MODIFY `id` int(11) NOT NULL AUTO_INCREMENT, AUTO_INCREMENT=61;
--
-- AUTO_INCREMENT for table `subjects`
--
ALTER TABLE `subjects`
  MODIFY `id` int(10) UNSIGNED NOT NULL AUTO_INCREMENT, AUTO_INCREMENT=14;
--
-- AUTO_INCREMENT for table `teacher`
--
ALTER TABLE `teacher`
  MODIFY `id` int(11) NOT NULL AUTO_INCREMENT, AUTO_INCREMENT=40;
--
-- AUTO_INCREMENT for table `users`
--
ALTER TABLE `users`
  MODIFY `id` int(11) NOT NULL AUTO_INCREMENT, AUTO_INCREMENT=86;
/*!40101 SET CHARACTER_SET_CLIENT=@OLD_CHARACTER_SET_CLIENT */;
/*!40101 SET CHARACTER_SET_RESULTS=@OLD_CHARACTER_SET_RESULTS */;
/*!40101 SET COLLATION_CONNECTION=@OLD_COLLATION_CONNECTION */;
